{"cameraMode":{"drawMode":0,"name":"Shaded","section":"Shading Mode"},"sceneLighting":false,"audioPlay":false,"sceneViewState":{"showFog":true,"showMaterialUpdate":false,"showSkybox":false,"showFlares":true,"showImageEffects":true,"showParticleSystems":true},"in2DMode":false,"pivot":{"x":-57.17193603515625,"y":39.70000076293945,"z":30.100000381469728},"rotation":{"x":0.3934312164783478,"y":-0.012701082974672318,"z":0.005430551711469889,"w":0.9192591905593872},"size":33.23799514770508,"orthographic":false}