{"cameraMode":{"drawMode":0,"name":"Shaded","section":"Shading Mode"},"sceneLighting":false,"audioPlay":false,"sceneViewState":{"showFog":true,"showMaterialUpdate":false,"showSkybox":false,"showFlares":true,"showImageEffects":true,"showParticleSystems":true},"in2DMode":false,"pivot":{"x":2.4000000953674318,"y":8.899999618530274,"z":-31.729999542236329},"rotation":{"x":0.397443562746048,"y":0.5806092619895935,"z":-0.3873496949672699,"w":0.5958042740821838},"size":44.36001968383789,"orthographic":false}