{"cameraMode":{"drawMode":0,"name":"Shaded","section":"Shading Mode"},"sceneLighting":false,"audioPlay":false,"sceneViewState":{"showFog":true,"showMaterialUpdate":false,"showSkybox":false,"showFlares":true,"showImageEffects":true,"showParticleSystems":true},"in2DMode":false,"pivot":{"x":70.30000305175781,"y":0.49000000953674319,"z":46.5},"rotation":{"x":0.37326565384864809,"y":-0.5342660546302795,"z":0.2834737002849579,"w":0.7035212516784668},"size":2.8578836917877199,"orthographic":false}