{"cameraMode":{"drawMode":0,"name":"Shaded","section":"Shading Mode"},"sceneLighting":false,"audioPlay":false,"sceneViewState":{"showFog":true,"showMaterialUpdate":false,"showSkybox":false,"showFlares":true,"showImageEffects":true,"showParticleSystems":true},"in2DMode":false,"pivot":{"x":-59.519996643066409,"y":16.9953556060791,"z":30.43000030517578},"rotation":{"x":-0.044809095561504367,"y":-0.9542087316513062,"z":0.18431130051612855,"w":-0.23192252218723298},"size":52.93883514404297,"orthographic":false}