{"cameraMode":{"drawMode":0,"name":"Shaded","section":"Shading Mode"},"sceneLighting":true,"audioPlay":false,"sceneViewState":{"showFog":true,"showMaterialUpdate":false,"showSkybox":true,"showFlares":true,"showImageEffects":true,"showParticleSystems":true},"in2DMode":false,"pivot":{"x":16.399999618530275,"y":0.5299999713897705,"z":-11.6899995803833},"rotation":{"x":-0.343605637550354,"y":-0.6007781624794006,"z":0.3187611401081085,"w":-0.6476102471351624},"size":215.73831176757813,"orthographic":false}