{"cameraMode":{"drawMode":0,"name":"Shaded","section":"Shading Mode"},"sceneLighting":false,"audioPlay":false,"sceneViewState":{"showFog":true,"showMaterialUpdate":false,"showSkybox":false,"showFlares":true,"showImageEffects":true,"showParticleSystems":true},"in2DMode":false,"pivot":{"x":-13.029062271118164,"y":12.911689758300782,"z":97.99085235595703},"rotation":{"x":-0.37897127866744997,"y":0.25361818075180056,"z":-0.1089247539639473,"w":-0.8833298087120056},"size":93.12262725830078,"orthographic":false}