{"cameraMode":{"drawMode":0,"name":"Shaded","section":"Shading Mode"},"sceneLighting":true,"audioPlay":false,"sceneViewState":{"showFog":true,"showMaterialUpdate":false,"showSkybox":true,"showFlares":true,"showImageEffects":true,"showParticleSystems":true},"in2DMode":false,"pivot":{"x":-10.389442443847657,"y":29.94999885559082,"z":-29.591182708740236},"rotation":{"x":-0.40584325790405276,"y":-0.19414977729320527,"z":0.08866497129201889,"w":-0.8886758089065552},"size":106.91814422607422,"orthographic":false}