{"cameraMode":{"drawMode":0,"name":"Shaded","section":"Shading Mode"},"sceneLighting":false,"audioPlay":false,"sceneViewState":{"showFog":true,"showMaterialUpdate":false,"showSkybox":false,"showFlares":true,"showImageEffects":true,"showParticleSystems":true},"in2DMode":false,"pivot":{"x":-54.73193359375,"y":39.70000076293945,"z":30.100000381469728},"rotation":{"x":0.287492960691452,"y":0.4072050452232361,"z":-0.13675357401371003,"w":0.8560550212860107},"size":33.237972259521487,"orthographic":false}