{"cameraMode":{"drawMode":0,"name":"Shaded","section":"Shading Mode"},"sceneLighting":false,"audioPlay":false,"sceneViewState":{"showFog":true,"showMaterialUpdate":false,"showSkybox":false,"showFlares":true,"showImageEffects":true,"showParticleSystems":true},"in2DMode":false,"pivot":{"x":107.5999984741211,"y":11.995355606079102,"z":-4.829999923706055},"rotation":{"x":0.14907729625701905,"y":0.8125126361846924,"z":-0.2370799332857132,"w":0.5115467309951782},"size":125.5797348022461,"orthographic":false}