{"cameraMode":{"drawMode":0,"name":"Shaded","section":"Shading Mode"},"sceneLighting":true,"audioPlay":false,"sceneViewState":{"showFog":true,"showMaterialUpdate":false,"showSkybox":true,"showFlares":true,"showImageEffects":true,"showParticleSystems":true},"in2DMode":false,"pivot":{"x":-139.82046508789063,"y":29.01792335510254,"z":99.64924621582031},"rotation":{"x":-0.007374931126832962,"y":-0.9508949518203735,"z":-0.022515900433063508,"w":0.30898216366767886},"size":686.2826538085938,"orthographic":false}