{"cameraMode":{"drawMode":0,"name":"Shaded","section":"Shading Mode"},"sceneLighting":true,"audioPlay":false,"sceneViewState":{"showFog":true,"showMaterialUpdate":false,"showSkybox":true,"showFlares":true,"showImageEffects":true,"showParticleSystems":true},"in2DMode":false,"pivot":{"x":-132.1199951171875,"y":0.5299999713897705,"z":52.499996185302737},"rotation":{"x":0.08364171534776688,"y":0.888124406337738,"z":-0.1790146678686142,"w":0.41498124599456789},"size":34.368896484375,"orthographic":false}